ApplNo,ProductNo,ExclusivityCode,ExclusivityEndDate,Notes,FileDate
017031,001,RTO,2026-07-13,,
018680,001,D-193,2027-06-28,,
019569,001,ODE-267,2026-06-28,,
020263,009,NS,2026-04-14,,
020825,001,M-232,2025-01-28,,
020825,002,M-232,2025-01-28,,
020825,003,M-232,2025-01-28,,
020825,004,M-232,2025-01-28,,
020862,001,M-14,2028-06-11,,
020862,002,M-14,2028-06-11,,
020862,003,M-14,2028-06-11,,
020899,001,NPP,2028-05-09,,
020988,001,NPP,2027-08-12,,
021038,001,NPP,2025-12-16,,
021038,002,NPP,2025-12-16,,
021038,003,NPP,2025-12-16,,
021038,004,NPP,2025-12-16,,
021038,005,NPP,2025-12-16,,
021164,001,NCE,2028-09-22,,
021164,002,NCE,2028-09-22,,
021164,003,NCE,2028-09-22,,
021164,004,NCE,2028-09-22,,
021196,001,ODE-231,2025-10-26,,
021248,001,ODE-167,2025-01-12,,
021248,002,ODE-167,2025-01-12,,
021323,001,NPP,2026-05-12,,
021323,002,NPP,2026-05-12,,
021323,003,NPP,2026-05-12,,
021365,001,NPP,2026-05-12,,
021825,001,ODE-417,2028-04-30,,
021825,001,ODE-420,2028-04-30,,
021825,001,ODE-421,2028-04-30,,
021825,002,ODE-417,2028-04-30,,
021825,002,ODE-420,2028-04-30,,
021825,002,ODE-421,2028-04-30,,
021845,001,M-287,2026-01-31,,
021845,001,ODE-469,2030-01-31,,
021880,001,ODE-241,2026-05-28,,
021880,001,ODE-245,2026-05-28,,
021880,002,ODE-241,2026-05-28,,
021880,002,ODE-245,2026-05-28,,
021880,003,ODE-241,2026-05-28,,
021880,003,ODE-245,2026-05-28,,
021880,004,ODE-241,2026-05-28,,
021880,004,ODE-245,2026-05-28,,
021880,005,ODE-241,2026-05-28,,
021880,005,ODE-245,2026-05-28,,
021880,006,ODE-241,2026-05-28,,
021880,006,ODE-245,2026-05-28,,
021986,001,ODE-164,2024-11-09,,
021986,001,ODE-225,2025-12-21,,
021986,002,ODE-164,2024-11-09,,
021986,002,ODE-225,2025-12-21,,
021986,003,ODE-164,2024-11-09,,
021986,003,ODE-225,2025-12-21,,
021986,004,ODE-164,2024-11-09,,
021986,004,ODE-225,2025-12-21,,
021986,005,ODE-164,2024-11-09,,
021986,005,ODE-225,2025-12-21,,
021986,006,ODE-164,2024-11-09,,
021986,006,ODE-225,2025-12-21,,
022023,001,D-186,2025-05-02,,
022023,002,D-186,2025-05-02,,
022068,001,ODE-171,2025-03-22,,
022068,001,ODE-172,2025-03-22,,
022068,001,ODE-380,2028-09-23,,
022068,002,ODE-171,2025-03-22,,
022068,002,ODE-172,2025-03-22,,
022068,002,ODE-380,2028-09-23,,
022068,003,ODE-171,2025-03-22,,
022068,003,ODE-172,2025-03-22,,
022068,003,ODE-380,2028-09-23,,
022192,001,I-939,2027-04-02,,
022192,002,I-939,2027-04-02,,
022192,003,I-939,2027-04-02,,
022192,004,I-939,2027-04-02,,
022192,005,I-939,2027-04-02,,
022192,006,I-939,2027-04-02,,
022192,007,I-939,2027-04-02,,
022200,001,NPP,2024-07-22,,
022200,002,NPP,2024-07-22,,
022225,001,NPP,2027-12-12,,
022225,002,NPP,2027-12-12,,
022231,001,NCE,2027-09-14,,
022231,001,ODE-406,2029-09-14,,
022253,001,D-188,2026-04-28,,
022253,002,D-188,2026-04-28,,
022253,003,D-188,2026-04-28,,
022253,004,D-188,2026-04-28,,
022254,001,D-188,2026-04-28,,
022255,001,D-188,2026-04-28,,
022271,001,M-300,2026-07-27,,
022271,002,M-300,2026-07-27,,
022271,003,M-300,2026-07-27,,
022291,001,ODE-210,2025-11-16,,
022291,002,ODE-210,2025-11-16,,
022291,003,ODE-210,2025-11-16,,
022291,004,ODE-210,2025-11-16,,
022291,005,ODE-210,2025-11-16,,
022304,001,NPP,2026-07-03,,
022304,002,NPP,2026-07-03,,
022304,003,NPP,2026-07-03,,
022335,001,NP,2026-09-29,,
022348,001,NPP,2026-05-11,,
022348,002,NPP,2026-05-11,,
022348,003,NPP,2026-05-11,,
022372,001,ODE-315,2027-08-05,,
022388,001,NP,2025-02-25,,
022406,001,I-867,2024-08-23,,
022406,002,I-867,2024-08-23,,
022406,003,I-867,2024-08-23,,
022406,004,I-867,2024-08-23,,
022433,001,M-283,2025-05-09,,
022433,002,M-283,2025-05-09,,
022473,001,M-287,2026-01-31,,
022496,001,I-929,2026-11-09,,
022496,002,I-929,2026-11-09,,
022562,001,ODE-345,2028-01-22,,
022580,001,M-308,2027-09-13,,
022580,001,NPP,2025-06-24,,
022580,002,M-308,2027-09-13,,
022580,002,NPP,2025-06-24,,
022580,003,M-308,2027-09-13,,
022580,003,NPP,2025-06-24,,
022580,004,M-308,2027-09-13,,
022580,004,NPP,2025-06-24,,
050708,001,ODE-294,2025-05-24,,
050708,001,ODE-360,2028-07-16,,
050708,002,ODE-294,2025-05-24,,
050708,002,ODE-360,2028-07-16,,
050708,003,ODE-294,2025-05-24,,
050708,003,ODE-360,2028-07-16,,
050709,001,ODE-294,2025-05-24,,
050709,001,ODE-360,2028-07-16,,
050794,001,I-889,2025-05-20,,
050794,001,ODE-399,2029-05-20,,
201280,001,M-295,2026-06-20,,
201281,001,M-295,2026-06-20,,
201281,002,M-295,2026-06-20,,
201281,003,M-295,2026-06-20,,
201292,001,M-276,2025-04-07,,
201292,001,ODE-230,2025-01-12,,
201292,002,M-276,2025-04-07,,
201292,002,ODE-230,2025-01-12,,
201292,003,M-276,2025-04-07,,
201292,003,ODE-230,2025-01-12,,
201532,001,M-280,2025-09-13,,
201699,001,ODE-367,2027-01-24,,
201848,001,NP,2026-08-14,,
201848,001,ODE-438,2030-08-14,,
202049,001,ODE-327,2027-10-30,,
202103,001,PC,2025-03-02,,
202103,002,PC,2025-03-02,,
202103,003,PC,2025-03-02,,
202103,004,PC,2025-03-02,,
202155,001,NPP,2028-04-17,,
202155,002,NPP,2028-04-17,,
202155,003,NS,2028-04-17,,
202192,001,I-872,2024-09-22,,
202192,001,M-285,2025-12-19,,
202192,001,ODE-238,2026-05-24,,
202192,001,ODE-373,2028-09-22,,
202192,002,I-872,2024-09-22,,
202192,002,M-285,2025-12-19,,
202192,002,ODE-238,2026-05-24,,
202192,002,ODE-373,2028-09-22,,
202192,003,M-285,2025-12-19,,
202192,003,ODE-238,2026-05-24,,
202192,003,ODE-373,2028-09-22,,
202192,004,M-285,2025-12-19,,
202192,004,ODE-238,2026-05-24,,
202192,004,ODE-373,2028-09-22,,
202192,005,M-285,2025-12-19,,
202192,005,ODE-238,2026-05-24,,
202192,005,ODE-373,2028-09-22,,
202276,001,M-282,2025-10-18,,
202276,002,M-282,2025-10-18,,
202276,003,M-282,2025-10-18,,
202293,001,M-298,2026-05-08,,
202293,001,NPP,2027-06-12,,
202293,002,M-298,2026-05-08,,
202293,002,NPP,2027-06-12,,
202408,001,ODE-235,2026-03-29,,
202570,001,I-897,2025-07-14,,
202570,001,ODE-328,2028-01-14,,
202570,001,ODE-407,2029-07-14,,
202570,002,I-897,2025-07-14,,
202570,002,ODE-328,2028-01-14,,
202570,002,ODE-407,2029-07-14,,
202714,001,M-14,2028-05-22,,
202714,002,M-14,2028-05-22,,
202714,003,M-14,2028-05-22,,
202806,001,I-894,2025-06-22,,
202806,001,I-908,2026-03-16,,
202806,001,ODE-182,2025-04-30,,
202806,001,ODE-183,2025-05-04,,
202806,001,ODE-428,2030-03-16,,
202806,002,I-894,2025-06-22,,
202806,002,I-908,2026-03-16,,
202806,002,ODE-182,2025-04-30,,
202806,002,ODE-183,2025-05-04,,
202806,002,ODE-428,2030-03-16,,
202811,001,I-921,2026-06-12,,
202811,003,I-921,2026-06-12,,
203094,001,ODE-260,2026-08-22,,
203109,001,M-287,2026-01-31,,
203180,001,PC,2025-03-02,,
203180,002,PC,2025-03-02,,
203188,001,ODE-199,2025-08-15,,
203188,001,ODE-338,2027-12-21,,
203214,001,M-14,2028-02-21,,
203255,001,ODE-268,2025-06-29,,
203255,002,ODE-268,2025-06-29,,
203255,003,ODE-268,2025-06-29,,
203255,004,ODE-268,2025-06-29,,
203255,005,ODE-268,2025-06-29,,
203341,001,I-923,2026-09-26,,
203341,001,ODE-163,2024-12-19,,
203341,001,ODE-444,2030-09-26,,
203341,002,I-923,2026-09-26,,
203341,002,ODE-163,2024-12-19,,
203341,002,ODE-444,2030-09-26,,
203341,003,I-923,2026-09-26,,
203341,003,ODE-163,2024-12-19,,
203341,003,ODE-444,2030-09-26,,
203389,001,ODE-162,2024-12-22,,
203389,002,ODE-162,2024-12-22,,
203414,001,M-300,2026-07-27,,
203414,002,M-300,2026-07-27,,
203415,001,I-926,2026-11-17,,
203441,001,ODE-240,2026-05-16,,
203469,001,I-934,2027-03-19,,
203469,001,ODE-472,2031-03-19,,
203469,002,I-934,2027-03-19,,
203469,002,ODE-472,2031-03-19,,
203469,003,I-934,2027-03-19,,
203469,003,ODE-472,2031-03-19,,
203469,004,I-934,2027-03-19,,
203469,004,ODE-472,2031-03-19,,
203496,001,ODE-272,2026-10-18,,
203496,002,ODE-272,2026-10-18,,
203496,003,ODE-272,2026-10-18,,
203496,004,ODE-272,2026-10-18,,
203496,005,ODE-272,2026-10-18,,
203565,001,I-915,2026-05-31,,
203565,002,I-915,2026-05-31,,
203565,003,I-915,2026-05-31,,
203565,004,I-915,2026-05-31,,
203640,001,PC,2025-11-19,,
203640,002,PC,2025-11-19,,
203640,003,PC,2025-11-19,,
203794,001,NPP,2026-07-03,,
203985,001,ODE-169,2025-04-10,,
203985,002,ODE-169,2025-04-10,,
203985,003,ODE-169,2025-04-10,,
204026,001,ODE-296,2027-05-14,,
204026,001,ODE-297,2027-05-14,,
204026,002,ODE-296,2027-05-14,,
204026,002,ODE-297,2027-05-14,,
204026,003,ODE-296,2027-05-14,,
204026,003,ODE-297,2027-05-14,,
204026,004,ODE-296,2027-05-14,,
204026,004,ODE-297,2027-05-14,,
204042,001,NPP,2027-12-18,,
204042,002,NPP,2027-12-18,,
204096,001,ODE*,2025-05-24,,
204096,002,ODE*,2025-05-24,,
204096,003,ODE*,2025-05-24,,
204114,001,I-895,2025-06-22,,
204114,001,I-908,2026-03-16,,
204114,001,ODE-182,2025-04-30,,
204114,001,ODE-183,2025-05-04,,
204114,001,ODE-428,2030-03-16,,
204114,002,I-895,2025-06-22,,
204114,002,I-908,2026-03-16,,
204114,002,ODE-182,2025-04-30,,
204114,002,ODE-183,2025-05-04,,
204114,002,ODE-428,2030-03-16,,
204114,003,I-895,2025-06-22,,
204114,003,I-908,2026-03-16,,
204114,003,ODE-182,2025-04-30,,
204114,003,ODE-183,2025-05-04,,
204114,003,ODE-428,2030-03-16,,
204168,001,M-304,2026-03-24,,
204168,002,M-304,2026-03-24,,
204168,003,M-304,2026-03-24,,
204168,004,M-304,2026-03-24,,
204275,001,NPP,2026-05-13,,
204275,003,NS,2026-05-13,,
204353,001,NPP,2027-12-18,,
204353,002,NPP,2027-12-18,,
204353,003,NPP,2027-12-18,,
204353,004,NPP,2027-12-18,,
204370,001,I-904,2025-12-16,,
204370,002,I-904,2025-12-16,,
204370,003,I-904,2025-12-16,,
204370,004,I-904,2025-12-16,,
204384,001,M-306,2027-06-21,,
204384,001,ODE-251,2026-08-09,,
204384,001,ODE-307,2027-05-27,,
204384,002,M-306,2027-06-21,,
204384,002,ODE*,2026-08-09,,
204384,002,ODE-307,2027-05-27,,
204410,001,M-187,2028-02-28,,
204441,001,ODE-178,2025-04-23,,
204441,002,ODE-178,2025-04-23,,
204441,003,ODE-178,2025-04-23,,
204441,004,ODE-178,2025-04-23,,
204441,005,ODE-178,2025-04-23,,
204447,001,M-232,2026-08-23,,
204447,002,M-232,2026-08-23,,
204447,003,M-232,2026-08-23,,
204447,004,M-232,2026-08-23,,
204508,001,NPP,2027-04-24,,
204629,001,I-922,2026-09-21,,
204629,001,M-82,2025-02-24,,
204629,001,NPP,2026-06-20,,
204629,002,NPP,2026-06-20,,
204630,001,M-303,2027-01-08,,
204630,002,M-303,2027-01-08,,
204671,001,ODE*,2026-08-28,,
204671,002,ODE*,2026-08-28,,
205053,001,ODE-355,2028-06-17,,
205109,001,NPP,2027-07-01,,
205422,001,I-913,2026-05-10,,
205422,001,M-14,2027-05-08,,
205422,001,M-315,2028-05-09,,
205422,002,I-913,2026-05-10,,
205422,002,M-14,2027-05-08,,
205422,002,M-315,2028-05-09,,
205422,003,I-913,2026-05-10,,
205422,003,M-14,2027-05-08,,
205422,003,M-315,2028-05-09,,
205422,004,I-913,2026-05-10,,
205422,004,M-14,2027-05-08,,
205422,004,M-315,2028-05-09,,
205422,005,I-913,2026-05-10,,
205422,005,M-14,2027-05-08,,
205422,005,M-315,2028-05-09,,
205422,006,I-913,2026-05-10,,
205422,006,M-14,2027-05-08,,
205422,006,M-315,2028-05-09,,
205435,001,NPP,2028-04-04,,
205436,001,NPP,2028-04-04,,
205437,001,M-299,2026-07-20,,
205437,001,NPP,2027-04-25,,
205437,001,ODE-248,2026-07-19,,
205437,002,M-299,2026-07-20,,
205437,002,NPP,2027-04-25,,
205437,002,ODE-248,2026-07-19,,
205437,003,M-299,2026-07-20,,
205437,003,NPP,2027-04-25,,
205437,003,ODE-248,2026-07-19,,
205551,001,M-294,2026-06-15,,
205552,001,M-14,2025-08-24,,
205552,001,NPP,2025-08-24,,
205552,001,ODE-152,2024-08-02,,
205552,001,ODE-405,2029-08-24,,
205552,002,M-14,2025-08-24,,
205552,002,NPP,2025-08-24,,
205552,002,ODE-405,2029-08-24,,
205596,001,ODE-355,2028-06-17,,
205625,003,M-290,2026-03-01,,
205649,001,NPP,2027-06-12,,
205649,002,NPP,2027-06-12,,
205649,003,NPP,2027-06-12,,
205649,004,NPP,2027-06-12,,
205649,005,NPP,2027-06-12,,
205677,001,ODE-330,2027-12-01,,
205739,001,NPP,2026-10-02,,
205739,002,NPP,2026-10-02,,
205739,003,NPP,2026-10-02,,
205739,004,NS,2026-10-02,,
205832,001,ODE-261,2026-09-06,,
205832,002,ODE-261,2026-09-06,,
205834,001,ODE*,2026-08-28,,
205834,002,ODE*,2026-08-28,,
205879,001,NPP,2027-12-18,,
205879,002,NPP,2027-12-18,,
205879,003,NPP,2027-12-18,,
205879,004,NPP,2027-12-18,,
206111,001,NPP,2026-06-20,,
206111,002,NPP,2026-06-20,,
206111,003,NPP,2026-06-20,,
206111,004,NPP,2026-06-20,,
206192,001,I-902,2025-10-28,,
206192,001,M-278,2025-07-28,,
206192,001,ODE-416,2029-10-28,,
206229,001,I-917,2026-06-29,,
206316,001,M-14,2026-10-18,,
206316,002,M-14,2026-10-18,,
206316,003,M-14,2026-10-18,,
206494,001,NCE,2020-02-25,,
206494,001,NPP,2025-12-20,,
206494,001,NPP,2027-01-26,,
206709,001,M-281,2025-07-14,,
206709,001,ODE-198,2025-08-20,,
206709,001,ODE-403,2029-07-14,,
206709,002,M-281,2025-07-14,,
206709,002,ODE-198,2025-08-20,,
206709,002,ODE-403,2029-07-14,,
206788,001,PC,2025-11-09,,
206788,002,PC,2025-11-09,,
206788,003,PC,2025-11-09,,
206788,004,PC,2025-11-09,,
206829,001,NPP,2025-04-21,,
206947,001,M-14,2027-04-03,,
206947,001,ODE-196,2025-08-15,,
206947,002,M-14,2027-04-03,,
206947,002,ODE-196,2025-08-15,,
206966,001,NCE,2025-07-24,,
207027,001,ODE*,2025-11-16,,
207027,002,ODE*,2025-11-16,,
207223,001,NPP,2025-07-14,,
207223,001,ODE-198,2025-08-20,,
207223,001,ODE-403,2029-07-14,,
207223,002,NPP,2025-07-14,,
207223,002,ODE-198,2025-08-20,,
207223,002,ODE-403,2029-07-14,,
207356,001,ODE-214,2025-09-28,,
207500,001,NCE,2020-03-06,,
207500,001,NPP,2026-12-08,,
207500,001,ODE-305,2022-03-06,,
207500,001,ODE-454,2030-12-08,,
207500,001,ODE-458,2030-12-08,,
207500,001,ODE-90,2022-03-06,,
207500,002,NCE,2020-03-06,,
207500,002,NPP,2026-12-08,,
207500,002,ODE*,2022-03-06,,
207500,002,ODE-454,2030-12-08,,
207500,002,ODE-458,2030-12-08,,
207501,001,NCE,2020-03-06,,
207501,001,NPP,2026-12-08,,
207501,001,ODE-305,2022-03-06,,
207501,001,ODE-453,2030-12-08,,
207501,001,ODE-459,2030-12-08,,
207501,001,ODE-90,2022-03-06,,
207648,001,NPP,2025-03-22,,
207648,002,NPP,2025-03-22,,
207648,003,NPP,2025-03-22,,
207648,004,NPP,2025-03-22,,
207695,001,D-191,2026-04-03,,
207793,001,I-932,2027-02-13,,
207793,001,ODE-463,2031-02-13,,
207924,001,I-890,2025-06-13,,
207924,001,I-891,2025-05-10,,
207924,002,I-890,2025-06-13,,
207924,002,I-891,2025-05-10,,
207924,003,I-890,2025-06-13,,
207924,003,I-891,2025-05-10,,
207925,001,M-14,2028-05-22,,
207925,001,ODE-199,2025-08-15,,
207925,001,ODE-236,2026-04-29,,
207925,001,ODE-338,2027-12-21,,
207925,002,M-14,2028-05-22,,
207925,002,ODE-199,2025-08-15,,
207925,002,ODE-236,2026-04-29,,
207925,002,ODE-338,2027-12-21,,
207925,003,M-14,2028-05-22,,
207925,003,ODE-199,2025-08-15,,
207925,003,ODE-236,2026-04-29,,
207925,003,ODE-338,2027-12-21,,
207925,004,M-14,2028-05-22,,
207925,004,NPP,2026-05-03,,
207925,004,ODE-435,2030-05-03,,
207925,005,M-14,2028-05-22,,
207925,005,NPP,2026-05-03,,
207925,005,ODE-435,2030-05-03,,
207981,001,ODE-229,2026-02-22,,
207981,002,ODE-229,2026-02-22,,
207987,001,ODE-192,2025-06-21,,
207987,002,ODE-192,2025-06-21,,
208026,001,M-295,2026-06-20,,
208026,002,M-295,2026-06-20,,
208030,001,ODE-417,2028-04-30,,
208030,001,ODE-418,2028-04-30,,
208030,001,ODE-419,2028-04-30,,
208030,002,ODE-417,2028-04-30,,
208030,002,ODE-418,2028-04-30,,
208030,002,ODE-419,2028-04-30,,
208065,001,I-941,2027-02-16,,
208065,001,I-952,2027-09-25,,
208065,001,ODE-176,2025-04-18,,
208065,001,ODE-337,2027-12-18,,
208065,002,I-941,2027-02-16,,
208065,002,I-952,2027-09-25,,
208065,002,ODE-176,2025-04-18,,
208065,002,ODE-337,2027-12-18,,
208078,001,NPP,2025-09-29,,
208078,001,ODE-223,2025-11-28,,
208081,001,D-194,2027-10-04,,
208088,001,NP,2025-03-28,,
208215,002,ODE-457,2029-01-07,,
208232,001,ODE-474,2027-06-26,,
208288,001,M-292,2026-01-20,,
208328,001,PC,2025-07-15,,
208328,002,PC,2025-07-15,,
208341,001,M-277,2025-04-27,,
208341,001,ODE-293,2027-03-19,,
208341,002,M-277,2025-04-27,,
208341,002,ODE-293,2027-03-19,,
208390,001,PC,2025-10-28,,
208434,001,I-947,2027-04-18,,
208434,001,ODE-477,2031-04-18,,
208447,001,ODE-277,2026-10-23,,
208447,001,ODE-295,2027-04-29,,
208452,001,PC,2025-11-23,,
208464,001,NPP,2025-10-17,,
208531,001,PC,2025-10-28,,
208558,001,I-885,2025-03-11,,
208558,001,I-914,2026-05-31,,
208558,001,ODE-226,2025-12-19,,
208558,001,ODE-283,2026-12-27,,
208558,001,ODE-306,2027-05-08,,
208558,002,I-885,2025-03-11,,
208558,002,I-914,2026-05-31,,
208558,002,ODE-226,2025-12-19,,
208558,002,ODE-283,2026-12-27,,
208558,002,ODE-306,2027-05-08,,
208573,001,ODE-185,2025-06-08,,
208573,001,ODE-211,2025-11-21,,
208573,001,ODE-239,2026-05-15,,
208573,002,ODE-185,2025-06-08,,
208573,002,ODE-211,2025-11-21,,
208573,002,ODE-239,2026-05-15,,
208573,003,ODE-185,2025-06-08,,
208573,003,ODE-211,2025-11-21,,
208573,003,ODE-239,2026-05-15,,
208610,001,NCE,2022-06-19,,
208611,001,NCE,2022-06-19,,
208623,001,ODE-205,2025-08-10,,
208627,001,ODE-200,2025-07-13,,
208658,001,M-296,2026-06-20,,
208658,002,M-296,2026-06-20,,
208658,003,M-296,2026-06-20,,
208658,004,M-296,2026-06-20,,
208684,001,ODE-252,2026-06-07,,
208684,002,ODE-252,2026-06-07,,
208684,003,ODE-252,2026-06-07,,
208684,004,ODE-252,2026-06-07,,
208685,001,ODE-252,2026-06-07,,
208692,001,ODE-227,2026-01-14,,
208692,001,ODE-375,2028-09-17,,
208692,002,ODE-227,2026-01-14,,
208692,002,ODE-375,2028-09-17,,
208692,003,ODE-227,2026-01-14,,
208692,003,ODE-375,2028-09-17,,
208700,001,NPP,2027-04-23,,
208700,001,ODE-166,2025-01-26,,
208700,001,ODE-479,2031-04-23,,
208711,001,ODE-228,2026-02-13,,
208712,001,NCE,2027-02-28,,
208712,001,ODE-397,2029-02-28,,
208742,001,NPP,2028-04-07,,
208743,001,I-907,2025-12-19,,
208772,001,ODE-300,2027-05-22,,
208772,002,ODE-300,2027-05-22,,
208772,003,ODE-300,2027-05-22,,
208798,001,NPP,2024-07-09,,
208798,004,NPP,2024-07-09,,
208798,007,NS,2024-07-09,,
208799,001,M-61,2024-07-09,,
208799,004,M-61,2024-07-09,,
208969,001,NP,2026-03-07,,
209022,001,I-940,2027-03-15,,
209092,001,I-950,2027-09-17,,
209115,001,ODE-168,2025-04-06,,
209115,002,ODE-168,2025-04-06,,
209115,003,ODE-168,2025-04-06,,
209210,001,NPP,2024-07-22,,
209241,001,I-925,2026-08-18,,
209241,001,ODE-440,2030-08-18,,
209241,002,I-925,2026-08-18,,
209241,002,ODE-440,2030-08-18,,
209241,003,I-925,2026-08-18,,
209241,003,ODE-440,2030-08-18,,
209299,001,ODE-174,2025-04-17,,
209299,002,ODE-174,2025-04-17,,
209363,001,NCE,2022-09-15,,
209363,001,NPP,2025-01-26,,
209394,001,I-967,2028-06-10,,
209394,001,ODE-232,2026-04-30,,
209394,001,ODE-233,2026-04-30,,
209394,001,ODE-372,2028-06-10,,
209401,001,ODE-350,2028-03-30,,
209445,001,NCE,2024-11-14,,
209471,001,NP,2026-03-01,,
209510,001,NCE,2025-02-26,,
209510,002,NCE,2025-02-26,,
209566,001,ODE-207,2025-09-14,,
209569,001,ODE-282,2026-12-20,,
209607,001,ODE-204,2025-07-30,,
209637,001,I-961,2028-01-28,,
209637,002,I-961,2028-01-28,,
209637,003,D-185,2025-03-28,,
209637,003,I-961,2028-01-28,,
209637,004,I-961,2028-01-28,,
209776,001,NCE,2022-08-29,,
209801,001,PC,2025-11-25,,
209801,002,PC,2025-11-25,,
209801,003,PC,2025-11-25,,
209801,004,PC,2025-11-25,,
209801,005,PC,2025-11-25,,
209801,006,PC,2025-11-25,,
209816,001,NCE,2023-10-02,,
209817,001,NCE,2023-10-02,,
209819,001,M-314,2028-02-21,,
209819,002,M-314,2028-02-21,,
209884,001,M-274,2025-03-01,,
209884,002,M-274,2025-03-01,,
209884,003,M-274,2025-03-01,,
209899,001,M-309,2027-08-30,,
209899,001,NCE,2025-03-25,,
209899,002,M-309,2027-08-30,,
209899,002,NCE,2025-03-25,,
209899,003,M-309,2027-08-30,,
209899,003,NCE,2025-03-25,,
209935,001,I-951,2027-09-17,,
209939,001,D-189,2026-08-02,,
209939,001,I-916,2026-06-05,,
209939,001,NPP,2027-08-30,,
209939,001,ODE-423,2030-06-05,,
209939,001,ODE-495,2031-08-30,,
209939,001,ODE-497,2031-08-30,,
209939,002,D-189,2026-08-02,,
209939,002,I-916,2026-06-05,,
209939,002,NPP,2027-08-30,,
209939,002,ODE-423,2030-06-05,,
209939,002,ODE-495,2031-08-30,,
209939,002,ODE-497,2031-08-30,,
209940,001,D-189,2026-08-02,,
209940,001,I-916,2026-06-05,,
209940,001,NPP,2027-08-30,,
209940,001,ODE-423,2030-06-05,,
209940,001,ODE-495,2031-08-30,,
209940,001,ODE-497,2031-08-30,,
209940,002,D-189,2026-08-02,,
209940,002,I-916,2026-06-05,,
209940,002,NPP,2027-08-30,,
209940,002,ODE-423,2030-06-05,,
209940,002,ODE-495,2031-08-30,,
209940,002,ODE-497,2031-08-30,,
209964,001,ODE-234,2026-04-22,,
209988,001,NP,2025-10-07,,
210115,001,ODE-269,2025-05-24,,
210115,001,ODE-360,2028-07-16,,
210115,002,ODE-269,2025-05-24,,
210115,002,ODE-360,2028-07-16,,
210136,001,NP,2026-05-23,,
210136,002,NP,2026-05-23,,
210136,003,NP,2026-05-23,,
210136,004,NP,2026-05-23,,
210136,005,NP,2026-05-23,,
210136,006,NP,2026-05-23,,
210136,007,NP,2026-05-23,,
210238,001,ODE-246,2026-06-26,,
210251,001,I-942,2027-02-23,,
210251,001,M-305,2027-04-24,,
210251,001,ODE-256,2026-06-18,,
210251,001,ODE-468,2031-02-23,,
210251,002,I-942,2027-02-23,,
210251,002,ODE-378,2028-10-07,,
210251,002,ODE-468,2031-02-23,,
210259,001,I-960,2028-01-16,,
210259,001,ODE-274,2026-11-21,,
210303,001,NCE,2023-06-25,,
210365,001,M-270,2026-10-20,,
210365,001,ODE-216,2025-09-28,,
210365,001,ODE-326,2027-07-31,,
210365,001,ODE-332,2027-07-31,,
210491,001,ODE-173,2025-02-12,,
210491,001,ODE-247,2026-06-21,,
210491,001,ODE-335,2027-12-21,,
210491,002,ODE-173,2025-02-12,,
210491,002,ODE-247,2026-06-21,,
210491,002,ODE-335,2027-12-21,,
210496,001,I-928,2026-10-11,,
210496,001,I-957,2027-12-20,,
210496,001,ODE-194,2025-06-27,,
210496,001,ODE-445,2030-10-11,,
210496,002,I-928,2026-10-11,,
210496,002,I-957,2027-12-20,,
210496,002,ODE-194,2025-06-27,,
210496,002,ODE-445,2030-10-11,,
210498,001,I-928,2026-10-11,,
210498,001,ODE-194,2025-06-27,,
210563,001,M-14,2025-08-24,,
210563,001,NPP,2025-08-24,,
210563,001,ODE-405,2029-08-24,,
210563,002,M-14,2025-08-24,,
210563,002,NPP,2025-08-24,,
210563,002,ODE-405,2029-08-24,,
210563,003,M-14,2025-08-24,,
210563,003,NPP,2025-08-24,,
210563,003,ODE-405,2029-08-24,,
210563,004,M-14,2025-08-24,,
210563,004,NPP,2025-08-24,,
210563,004,ODE-405,2029-08-24,,
210589,001,ODE-202,2025-07-27,,
210589,002,ODE-202,2025-07-27,,
210656,001,ODE-224,2025-11-21,,
210656,002,ODE-224,2025-11-21,,
210730,001,NCE,2025-10-30,,
210730,002,NCE,2025-10-30,,
210730,003,NCE,2025-10-30,,
210795,001,ODE-201,2025-07-20,,
210797,001,ODE-270,2026-10-08,,
210806,001,NPP,2025-01-27,,
210807,001,NPP,2025-01-27,,
210828,001,ODE-383,2026-08-21,,
210828,001,W,2026-08-21,,
210854,001,M-187,2027-12-19,,
210854,002,M-187,2027-12-19,,
210854,003,M-187,2027-12-19,,
210861,001,ODE-215,2025-11-26,,
210861,001,ODE-220,2025-11-26,,
210861,001,ODE-221,2025-11-26,,
210861,002,ODE-215,2025-11-26,,
210861,002,ODE-220,2025-11-26,,
210861,002,ODE-221,2025-11-26,,
210867,001,NPP,2028-02-07,,
210867,001,ODE-193,2025-06-13,,
210868,001,ODE-217,2025-11-02,,
210868,001,ODE-218,2025-11-02,,
210868,001,ODE-219,2025-11-02,,
210868,001,ODE-349,2028-03-03,,
210868,002,ODE-217,2025-11-02,,
210868,002,ODE-218,2025-11-02,,
210868,002,ODE-219,2025-11-02,,
210868,002,ODE-349,2028-03-03,,
210910,001,NCE,2023-11-16,,
210922,001,M-270,2026-01-13,,
210922,001,ODE-197,2025-08-10,,
211109,001,NCE,2023-08-27,,
211109,002,NCE,2023-08-27,,
211150,001,NPP,2027-06-21,,
211150,001,ODE-255,2026-08-14,,
211150,001,ODE-331,2027-10-13,,
211150,001,ODE-489,2031-06-21,,
211150,002,NPP,2027-06-21,,
211150,002,ODE-255,2026-08-14,,
211150,002,ODE-331,2027-10-13,,
211150,002,ODE-489,2031-06-21,,
211155,001,ODE-208,2025-09-24,,
211155,002,ODE-208,2025-09-24,,
211172,001,ODE-212,2025-10-05,,
211192,001,I-893,2025-05-25,,
211192,001,I-924,2026-10-24,,
211192,001,ODE-203,2025-07-20,,
211192,001,ODE-242,2026-05-02,,
211192,001,ODE-368,2028-08-25,,
211192,001,ODE-447,2030-10-24,,
211199,001,PC,2025-11-02,,
211199,002,PC,2025-11-02,,
211199,003,PC,2025-11-02,,
211199,004,PC,2025-11-02,,
211230,001,ODE-254,2026-06-17,,
211230,002,ODE-254,2026-06-17,,
211243,001,I-959,2028-01-17,,
211280,001,NCE,2025-01-31,,
211280,002,NCE,2025-01-31,,
211280,003,NCE,2025-01-31,,
211281,001,NCE,2025-02-12,,
211288,001,ODE-206,2025-09-27,,
211288,001,ODE-213,2025-09-27,,
211288,002,ODE-206,2025-09-27,,
211288,002,ODE-213,2025-09-27,,
211288,003,ODE-206,2025-09-27,,
211288,003,ODE-213,2025-09-27,,
211321,001,ODE-243,2026-05-17,,
211349,001,ODE-222,2025-11-28,,
211358,001,M-14,2027-12-13,,
211358,001,NPP,2025-09-02,,
211358,001,ODE-195,2025-08-07,,
211358,001,ODE-408,2029-09-02,,
211358,002,M-14,2027-12-13,,
211358,002,NPP,2025-09-02,,
211358,002,ODE-195,2025-08-07,,
211358,002,ODE-408,2029-09-02,,
211358,003,M-14,2027-12-13,,
211358,003,NS,2025-09-02,,
211358,003,ODE-408,2029-09-02,,
211371,001,NPP,2025-06-16,,
211379,001,ODE-271,2026-10-03,,
211580,001,I-911,2026-06-05,,
211616,001,I-943,2027-03-22,,
211616,001,I-944,2027-03-22,,
211616,001,NCE,2025-02-21,,
211617,001,I-943,2027-03-22,,
211617,001,I-945,2027-03-22,,
211617,001,NCE,2025-02-21,,
211635,001,NPP,2028-04-15,,
211635,001,ODE-279,2027-01-10,,
211635,002,NPP,2028-04-15,,
211635,002,ODE-279,2027-01-10,,
211635,003,NPP,2028-04-15,,
211635,003,ODE-279,2027-01-10,,
211651,001,I-920,2026-06-20,,
211651,003,I-920,2026-06-20,,
211651,005,I-920,2026-06-20,,
211672,001,NCE,2024-08-19,,
211673,001,NCE,2024-08-19,,
211675,001,I-883,2025-01-14,,
211675,001,I-886,2025-03-16,,
211675,001,I-888,2025-04-29,,
211675,001,I-919,2026-05-18,,
211675,001,I-946,2027-04-26,,
211675,001,I-966,2028-04-28,,
211675,001,NPP,2027-04-26,,
211675,001,ODE-481,2031-04-26,,
211675,002,I-883,2025-01-14,,
211675,002,I-886,2025-03-16,,
211675,002,I-919,2026-05-18,,
211675,002,I-946,2027-04-26,,
211675,002,NPP,2027-04-26,,
211675,002,ODE-481,2031-04-26,,
211675,003,I-886,2025-03-16,,
211675,003,I-919,2026-05-18,,
211675,003,I-946,2027-04-26,,
211675,003,NPP,2027-04-26,,
211675,003,ODE-481,2031-04-26,,
211710,001,ODE-215,2025-11-26,,
211710,001,ODE-220,2025-11-26,,
211710,001,ODE-221,2025-11-26,,
211723,001,NCE,2025-01-23,,
211723,001,ODE-299,2027-01-23,,
211723,001,ODE-314,2027-06-18,,
211728,001,ODE-289,2027-04-15,,
211746,001,NP,2025-01-13,,
211810,001,ODE-250,2026-08-02,,
211810,002,ODE*,2026-08-02,,
211843,001,ODE*,2026-06-28,,
211843,002,ODE*,2026-06-28,,
211964,001,NCE,2026-04-02,,
211964,001,NPP,2025-04-29,,
211964,002,NCE,2026-04-02,,
211964,002,NPP,2025-04-29,,
211964,003,NCE,2026-04-02,,
211964,003,NPP,2025-04-29,,
211970,001,ODE-280,2026-12-12,,
211975,003,CGT,2025-04-22,,
211988,001,I-933,2027-01-23,,
211988,002,I-933,2027-01-23,,
211988,003,I-933,2027-01-23,,
211988,004,I-933,2027-01-23,,
211994,001,NPP,2027-04-05,,
211996,001,ODE-237,2026-05-03,,
212018,001,I-930,2027-01-19,,
212018,002,I-930,2027-01-19,,
212018,003,I-930,2027-01-19,,
212028,001,M-293,2026-04-20,,
212028,001,NCE,2025-04-07,,
212028,002,M-293,2026-04-20,,
212028,002,NCE,2025-04-07,,
212099,001,I-900,2025-08-05,,
212102,001,I-887,2025-03-25,,
212102,001,ODE-312,2027-06-25,,
212102,001,ODE-393,2029-03-25,,
212123,001,NCE,2025-05-28,,
212123,002,NCE,2025-05-28,,
212154,001,NCE,2025-08-12,,
212154,001,ODE-280,2027-08-12,,
212155,001,NCE,2025-05-20,,
212161,001,ODE-237,2026-05-03,,
212194,001,ODE-273,2026-11-20,,
212269,001,ODE-417,2028-04-30,,
212269,001,ODE-420,2028-04-30,,
212269,001,ODE-421,2028-04-30,,
212273,001,M-313,2027-12-20,,
212273,001,ODE-275,2026-10-21,,
212273,001,ODE-323,2027-12-21,,
212273,001,ODE-357,2028-06-08,,
212273,001,ODE-512,2031-12-20,,
212273,002,M-313,2027-12-20,,
212273,002,ODE*,2026-10-21,,
212273,002,ODE*,2027-12-21,,
212273,002,ODE-357,2028-06-08,,
212273,002,ODE-512,2031-12-20,,
212295,001,NCE,2025-10-06,,
212304,001,NP,2025-03-11,,
212304,002,NP,2025-03-11,,
212306,001,ODE-257,2026-07-03,,
212306,001,ODE-310,2027-06-22,,
212306,001,ODE-346,2027-12-18,,
212306,002,ODE*,2027-06-22,,
212306,002,ODE*,2027-12-18,,
212306,002,ODE*,2026-07-03,,
212306,003,ODE*,2027-12-18,,
212306,003,ODE*,2026-07-03,,
212306,003,ODE*,2027-06-22,,
212306,004,ODE*,2026-07-03,,
212306,004,ODE*,2027-06-22,,
212306,004,ODE*,2027-12-18,,
212306,005,ODE*,2027-06-22,,
212306,005,ODE*,2026-07-03,,
212306,005,ODE*,2027-12-18,,
212327,001,ODE-259,2026-08-16,,
212480,001,ODE-258,2026-08-28,,
212480,002,ODE-258,2026-08-28,,
212489,001,NCE,2025-04-24,,
212489,002,NCE,2025-04-24,,
212526,001,I-937,2027-01-18,,
212526,002,I-937,2027-01-18,,
212526,003,I-937,2027-01-18,,
212576,001,NCE,2025-07-07,,
212576,001,ODE-316,2027-07-07,,
212608,001,NCE,2025-01-09,,
212608,001,ODE-356,2028-06-16,,
212608,001,ODE-366,2027-01-09,,
212608,001,ODE-434,2030-05-22,,
212608,002,NCE,2025-01-09,,
212608,002,ODE-356,2028-06-16,,
212608,002,ODE-366,2027-01-09,,
212608,002,ODE-434,2030-05-22,,
212608,003,NCE,2025-01-09,,
212608,003,ODE-356,2028-06-16,,
212608,003,ODE-366,2027-01-09,,
212608,003,ODE-434,2030-05-22,,
212608,004,I-912,2026-05-22,,
212608,004,NCE,2025-01-09,,
212608,004,ODE-356,2028-06-16,,
212608,004,ODE-366,2027-01-09,,
212608,004,ODE-434,2030-05-22,,
212608,005,NCE,2025-01-09,,
212608,005,ODE-356,2028-06-16,,
212608,005,ODE-366,2027-01-09,,
212608,005,ODE-434,2030-05-22,,
212642,001,NCE,2025-12-01,,
212642,001,W,2025-12-01,,
212643,001,NCE,2025-12-01,,
212643,001,W,2025-12-01,,
212690,001,ODE-361,2027-07-21,,
212690,001,ODE-369,2028-08-12,,
212725,001,NPP,2026-10-20,,
212725,001,ODE-265,2026-08-15,,
212725,001,ODE-313,2026-08-15,,
212725,001,ODE-448,2030-10-20,,
212725,002,NPP,2026-10-20,,
212725,002,ODE-265,2026-08-15,,
212725,002,ODE-313,2026-08-15,,
212725,002,ODE-448,2030-10-20,,
212728,001,NCE,2025-02-27,,
212801,001,NCE,2025-03-06,,
212801,001,ODE-286,2027-03-06,,
212801,002,NCE,2025-03-06,,
212801,002,ODE-286,2027-03-06,,
212801,003,NCE,2025-03-06,,
212801,003,ODE-286,2027-03-06,,
212819,001,NCE,2024-07-16,,
212839,001,NCE,2025-03-10,,
212839,002,NCE,2025-03-10,,
212839,003,NCE,2025-03-10,,
212839,004,NCE,2025-03-10,,
212839,005,NCE,2025-03-10,,
212839,006,NCE,2025-03-10,,
212862,001,NCE,2024-08-14,,
212862,001,ODE-253,2026-08-14,,
212887,001,M-273,2025-01-31,,
212887,001,NCE,2026-01-21,,
212887,001,NPP,2025-03-29,,
212888,001,D-184,2025-01-31,,
212888,001,NCE,2026-01-21,,
212888,001,NPP,2025-03-29,,
212888,002,D-184,2025-01-31,,
212888,002,NCE,2026-01-21,,
212888,002,NPP,2025-03-29,,
212904,001,NCE,2026-03-10,,
212904,002,NCE,2026-03-10,,
212905,001,NCE,2028-07-21,,
212937,001,NP,2025-09-20,,
212937,001,ODE-384,2029-09-20,,
212950,001,NCE,2025-07-02,,
212994,001,NCE,2026-05-07,,
212994,002,NCE,2026-05-07,,
212994,003,NCE,2026-05-07,,
213004,001,NP,2022-11-01,,
213005,001,NP,2028-05-23,,
213005,002,NP,2028-05-23,,
213005,003,NP,2028-05-23,,
213005,004,NP,2028-05-23,,
213006,001,I-955,2027-12-18,,
213006,001,NCE,2025-12-23,,
213026,001,NCE,2026-02-25,,
213026,001,ODE-347,2028-02-25,,
213036,001,NCE,2025-05-26,,
213036,001,ODE-290,2027-05-26,,
213082,001,M-14,2028-02-21,,
213116,001,CGT,2025-07-01,,
213137,001,ODE-281,2026-11-25,,
213137,001,ODE-394,2028-12-17,,
213137,002,ODE-394,2028-12-17,,
213138,001,ODE-367,2027-01-24,,
213176,001,NCE,2026-02-05,,
213189,001,D-192,2027-06-07,,
213189,001,NCE,2025-12-14,,
213217,001,I-817,2026-01-19,,
213217,001,I-936,2027-03-07,,
213217,001,ODE-274,2030-01-19,,
213217,001,ODE-276,2026-11-14,,
213217,001,ODE-370,2028-09-14,,
213217,001,ODE-371,2028-08-31,,
213217,001,ODE-467,2031-03-07,,
213227,001,NCE,2025-09-03,,
213227,001,ODE-317,2027-09-03,,
213246,001,M-311,2027-09-27,,
213246,001,M-312,2027-09-27,,
213246,001,NCE,2025-05-08,,
213246,001,NPP,2027-05-29,,
213246,001,ODE-301,2027-05-08,,
213246,001,ODE-302,2027-05-08,,
213246,001,ODE-303,2027-05-08,,
213246,001,ODE-409,2029-09-21,,
213246,001,ODE-412,2029-09-21,,
213246,001,ODE-484,2031-05-29,,
213246,001,ODE-485,2031-05-29,,
213246,001,ODE-487,2031-05-29,,
213246,002,M-311,2027-09-27,,
213246,002,M-312,2027-09-27,,
213246,002,NCE,2025-05-08,,
213246,002,NPP,2027-05-29,,
213246,002,ODE-301,2027-05-08,,
213246,002,ODE-302,2027-05-08,,
213246,002,ODE-303,2027-05-08,,
213246,002,ODE-409,2029-09-21,,
213246,002,ODE-412,2029-09-21,,
213246,002,ODE-484,2031-05-29,,
213246,002,ODE-485,2031-05-29,,
213246,002,ODE-487,2031-05-29,,
213312,001,ODE-386,2028-11-22,,
213378,001,NCE,2026-05-28,,
213378,002,NCE,2026-05-28,,
213378,003,NCE,2026-05-28,,
213378,004,NCE,2026-05-28,,
213411,001,I-906,2026-01-19,,
213411,001,NCE,2025-04-17,,
213411,001,ODE-309,2027-04-17,,
213411,001,ODE-422,2030-01-19,,
213411,002,I-906,2026-01-19,,
213411,002,NCE,2025-04-17,,
213411,002,ODE-309,2027-04-17,,
213411,002,ODE-422,2030-01-19,,
213433,001,NCE,2025-08-26,,
213464,001,NCE,2025-08-06,,
213464,001,ODE-319,2027-08-06,,
213464,002,NCE,2025-08-06,,
213464,002,ODE-319,2027-08-06,,
213478,001,NP,2025-03-22,,
213478,001,ODE-391,2029-03-22,,
213491,001,ODE*,2024-12-22,,
213491,002,ODE*,2024-12-22,,
213498,001,NCE,2026-03-18,,
213498,002,NCE,2026-03-18,,
213498,003,NCE,2026-03-18,,
213498,004,NCE,2026-03-18,,
213498,005,NCE,2026-03-18,,
213498,006,NCE,2026-03-18,,
213498,007,NCE,2026-03-18,,
213498,008,NCE,2026-03-18,,
213498,009,NCE,2026-03-18,,
213498,010,NCE,2026-03-18,,
213535,001,M-270,2026-10-03,,
213535,001,NCE,2025-08-07,,
213535,001,NPP,2025-05-27,,
213535,001,ODE-334,2027-08-07,,
213535,001,ODE-400,2029-05-27,,
213586,001,NP,2026-04-28,,
213586,002,NP,2026-04-28,,
213586,003,NP,2026-04-28,,
213586,004,NP,2026-04-28,,
213586,005,NP,2026-04-28,,
213586,006,NP,2026-04-28,,
213586,007,NP,2026-04-28,,
213591,001,NCE,2025-05-06,,
213591,001,ODE-291,2027-05-06,,
213591,002,NCE,2025-05-06,,
213591,002,ODE-291,2027-05-06,,
213674,001,I-926,2026-11-17,,
213674,002,I-926,2026-11-17,,
213687,001,NCE,2025-06-30,,
213687,001,ODE-311,2027-06-30,,
213702,001,NCE,2025-06-15,,
213702,001,ODE-304,2027-06-15,,
213708,001,PC,2025-06-03,,
213716,001,NCE,2026-01-22,,
213721,001,NCE,2025-09-04,,
213721,001,ODE-318,2027-09-04,,
213721,001,ODE-340,2027-12-01,,
213721,001,ODE-341,2027-12-01,,
213736,001,I-899,2025-08-26,,
213736,001,NCE,2025-04-17,,
213736,001,ODE-292,2027-04-17,,
213736,001,ODE-404,2029-08-26,,
213736,002,I-899,2025-08-26,,
213736,002,NCE,2025-04-17,,
213736,002,ODE-292,2027-04-17,,
213736,002,ODE-404,2029-08-26,,
213736,003,I-899,2025-08-26,,
213736,003,NCE,2025-04-17,,
213736,003,ODE-292,2027-04-17,,
213736,003,ODE-404,2029-08-26,,
213756,001,NCE,2025-04-10,,
213756,001,ODE-288,2027-04-10,,
213756,002,NCE,2025-04-10,,
213756,002,ODE-288,2027-04-10,,
213793,001,I-892,2025-06-16,,
213793,001,NCE,2025-11-25,,
213793,001,NPP,2027-12-20,,
213793,001,ODE-336,2027-11-25,,
213793,001,ODE-402,2029-06-16,,
213793,001,ODE-508,2031-12-20,,
213793,001,ODE-509,2031-12-20,,
213871,001,NCE,2027-01-14,,
213871,001,NPP,2026-02-09,,
213871,002,NCE,2027-01-14,,
213871,002,NPP,2026-02-09,,
213871,003,NCE,2027-01-14,,
213871,003,NPP,2026-02-09,,
213931,001,NP,2026-10-17,,
213931,002,NP,2026-10-17,,
213931,003,NP,2026-10-17,,
213953,001,NP,2025-07-27,,
213953,002,NP,2025-07-27,,
213953,003,NP,2025-07-27,,
213969,001,NCE,2025-11-20,,
213969,001,ODE-324,2027-11-20,,
213969,002,NCE,2025-11-20,,
213969,002,ODE-324,2027-11-20,,
213972,001,NCE,2029-10-25,,
213973,001,NCE,2025-05-15,,
213973,001,ODE-298,2027-05-15,,
213976,001,NP,2027-02-09,,
213976,001,ODE-466,2031-02-09,,
214012,001,NCE,2026-12-22,,
214018,001,M-286,2025-10-27,,
214018,001,NCE,2026-02-26,,
214018,001,ODE-342,2028-02-26,,
214028,001,D-187,2026-03-28,,
214050,001,CGT,2025-03-25,,
214051,001,PC,2025-01-11,,
214051,002,PC,2025-01-11,,
214056,001,NP,2028-02-03,,
214070,001,NP,2026-01-10,,
214094,001,NCE,2025-12-03,,
214094,001,ODE-333,2027-12-03,,
214094,002,NCE,2025-12-03,,
214094,002,ODE-333,2027-12-03,,
214096,001,NCE,2026-02-03,,
214096,001,ODE-325,2028-02-03,,
214103,001,I-901,2025-10-06,,
214103,001,NCE,2025-11-23,,
214103,001,ODE-339,2027-11-23,,
214103,001,ODE-415,2029-10-06,,
214120,001,ODE-320,2027-09-01,,
214120,002,ODE-320,2027-09-01,,
214133,001,NCE*,2026-12-30,,
214133,001,ODE-385,2028-12-30,,
214154,001,NCE,2026-04-15,,
214187,001,M-277,2025-04-27,,
214187,001,ODE-376,2028-06-10,,
214187,002,M-277,2025-04-27,,
214187,002,ODE*,2027-03-19,,
214200,001,NCE,2026-02-12,,
214231,001,NCE,2026-03-22,,
214231,002,NCE,2026-03-22,,
214324,001,NP,2025-05-23,,
214324,002,NP,2025-05-23,,
214324,003,NP,2025-05-23,,
214324,004,NP,2025-05-23,,
214331,002,PC,2026-01-07,,
214373,001,NCE,2028-01-20,,
214375,001,NCE,2027-12-23,,
214377,001,NCE,2026-01-19,,
214377,002,NCE,2026-01-19,,
214377,003,NCE,2026-01-19,,
214410,001,M-187,2027-12-19,,
214429,001,NCE,2026-07-16,,
214429,001,ODE-359,2028-07-16,,
214445,001,PC,2025-07-14,,
214460,001,ODE-354,2028-06-04,,
214461,001,ODE-354,2028-06-04,,
214487,001,NCE,2026-10-07,,
214487,001,ODE-377,2028-10-07,,
214510,001,NP,2025-04-22,,
214511,001,NCE,2029-04-17,,
214517,001,ODE-329,2027-12-01,,
214520,001,NCE,2028-11-15,,
214520,002,NCE,2028-11-15,,
214621,001,NCE,2025-12-18,,
214622,001,NCE,2026-05-28,,
214622,001,ODE-353,2028-05-28,,
214622,002,NCE,2026-05-28,,
214622,002,ODE-353,2028-05-28,,
214662,001,I-938,2027-03-13,,
214662,001,NCE,2026-09-29,,
214662,001,NPP,2026-03-13,,
214662,001,ODE-379,2028-09-29,,
214662,001,ODE-429,2030-03-13,,
214662,001,ODE-471,2031-03-13,,
214662,002,NCE,2026-09-29,,
214662,002,ODE*,2030-03-13,,
214662,002,ODE*,2031-03-13,,
214662,002,ODE*,2028-09-29,,
214662,002,ODE-490,2031-07-24,,
214665,001,I-962,2028-01-16,,
214665,001,NCE,2026-05-28,,
214665,001,ODE-352,2028-05-28,,
214665,001,ODE-507,2032-01-16,,
214665,002,I-962,2028-01-16,,
214665,002,NCE,2026-05-28,,
214665,002,ODE-352,2028-05-28,,
214665,002,ODE-507,2032-01-16,,
214665,003,I-962,2028-01-16,,
214665,003,NCE,2026-05-28,,
214665,003,ODE*,2028-05-28,,
214665,003,ODE-507,2032-01-16,,
214755,001,NP,2026-05-01,,
214755,001,ODE-431,2030-05-01,,
214755,001,ODE-494,2031-10-16,,
214755,002,NP,2026-05-01,,
214755,002,ODE-431,2030-05-01,,
214755,002,ODE-494,2031-10-16,,
214755,003,NP,2026-05-01,,
214755,003,ODE-431,2030-05-01,,
214755,003,ODE-494,2031-10-16,,
214755,004,NP,2026-05-01,,
214755,004,ODE-431,2030-05-01,,
214755,004,ODE-494,2031-10-16,,
214759,001,NCE,2030-01-21,,
214759,001,ODE-513,2032-01-21,,
214759,001,ODE-514,2032-01-21,,
214759,002,NCE,2030-01-21,,
214759,002,ODE-513,2032-01-21,,
214759,002,ODE-514,2032-01-21,,
214783,001,NCE,2026-07-16,,
214783,001,ODE-362,2028-07-16,,
214787,001,D-183,2025-01-21,,
214787,001,M-301,2026-07-13,,
214787,001,NCE,2025-10-22,,
214787,001,NPP,2025-04-25,,
214787,002,D-183,2025-01-21,,
214787,002,M-301,2026-07-13,,
214787,002,NCE,2025-10-22,,
214787,002,NPP,2025-04-25,,
214793,001,NCE,2026-05-26,,
214801,001,NCE,2027-09-30,,
214801,001,ODE-410,2029-09-30,,
214835,001,NP,2027-03-29,,
214835,002,NP,2027-03-29,,
214846,001,I-898,2025-08-05,,
214846,001,M-289,2026-01-27,,
214846,001,NCE,2025-12-18,,
214900,001,I-903,2025-11-30,,
214900,001,NCE,2026-06-01,,
214907,001,I-905,2025-12-16,,
214907,001,NCE,2026-11-29,,
214907,001,ODE-390,2028-11-29,,
214916,001,NCE,2026-08-23,,
214927,001,NCE,2029-09-20,,
214927,001,ODE-496,2031-09-20,,
214927,002,NCE,2029-09-20,,
214927,002,ODE-496,2031-09-20,,
214927,003,NCE,2029-09-20,,
214927,003,ODE-496,2031-09-20,,
214927,004,NCE,2029-09-20,,
214927,004,ODE-496,2031-09-20,,
214938,001,NCE,2026-11-19,,
214938,001,NPP,2026-10-20,,
214938,001,ODE-387,2028-11-19,,
214938,001,ODE-449,2030-10-20,,
214938,002,NCE,2026-11-19,,
214938,002,NPP,2026-10-20,,
214938,002,ODE-387,2028-11-19,,
214938,002,ODE-449,2030-10-20,,
214938,003,NCE,2026-11-19,,
214938,003,NPP,2026-10-20,,
214938,003,ODE-387,2028-11-19,,
214938,003,ODE-449,2030-10-20,,
214958,001,NCE,2027-09-09,,
214965,001,ODE-358,2028-06-23,,
214966,001,CGT,2025-09-06,,
214985,001,M-200,2027-09-30,,
214985,001,M-310,2027-09-30,,
214985,002,M-200,2027-09-30,,
214985,002,M-310,2027-09-30,,
214998,001,M-297,2026-06-15,,
214998,001,NCE,2027-04-28,,
214998,001,ODE-398,2029-04-28,,
214998,002,M-297,2026-06-15,,
214998,002,NCE,2027-04-28,,
214998,002,ODE-398,2029-04-28,,
214998,003,M-297,2026-06-15,,
214998,003,NCE,2027-04-28,,
214998,003,ODE-398,2029-04-28,,
214998,004,M-297,2026-06-15,,
214998,004,NCE,2027-04-28,,
214998,004,ODE-398,2029-04-28,,
215014,001,M-288,2026-02-08,,
215014,001,NCE,2026-05-14,,
215014,001,ODE-351,2028-05-14,,
215039,001,ODE-396,2029-04-05,,
215039,002,ODE-396,2029-04-05,,
215039,003,ODE-396,2029-04-05,,
215040,001,NP,2027-02-13,,
215040,002,NP,2027-02-13,,
215064,001,NCE,2028-12-18,,
215064,001,ODE-460,2030-12-18,,
215092,001,NCE,2027-09-22,,
215110,001,I-967,2028-06-10,,
215110,001,ODE-372,2028-06-10,,
215151,001,I-948,2027-07-17,,
215151,001,NCE,2027-05-03,,
215151,001,NP,2026-11-01,,
215151,002,NCE,2027-05-03,,
215151,002,NP,2026-11-01,,
215152,001,NCE,2027-05-03,,
215153,001,NCE,2027-05-03,,
215168,001,NCE,2029-09-27,,
215192,001,NCE,2029-03-27,,
215192,002,NCE,2029-03-27,,
215192,003,NCE,2029-03-27,,
215206,001,I-909,2026-04-17,,
215206,001,NCE,2026-09-28,,
215206,002,I-909,2026-04-17,,
215206,002,NCE,2026-09-28,,
215206,003,I-909,2026-04-17,,
215206,003,NCE,2026-09-28,,
215211,001,NP,2026-09-28,,
215239,001,NCE,2028-10-26,,
215239,001,ODE-450,2030-10-26,,
215256,001,I-935,2027-03-08,,
215256,001,NPP,2025-12-23,,
215256,002,I-935,2027-03-08,,
215256,002,NPP,2025-12-23,,
215256,003,I-935,2027-03-08,,
215256,003,NPP,2025-12-23,,
215256,004,D-190,2026-07-21,,
215256,004,I-935,2027-03-08,,
215256,004,NPP,2025-12-23,,
215256,005,I-935,2027-03-08,,
215256,005,NPP,2025-12-23,,
215272,001,I-956,2027-12-12,,
215272,001,NCE,2027-05-23,,
215309,001,I-896,2025-07-18,,
215309,001,NP,2024-09-21,,
215310,001,NCE,2026-09-15,,
215310,001,ODE-374,2028-09-15,,
215312,001,CGT,2025-03-26,,
215320,001,NP,2026-10-17,,
215341,001,I-970,2028-07-11,,
215341,001,M-279,2025-09-01,,
215341,001,NCE,2026-07-09,,
215341,002,I-970,2028-07-11,,
215341,002,M-279,2025-09-01,,
215341,002,NCE,2026-07-09,,
215341,003,NCE,2026-07-09,,
215341,003,NS,2028-07-11,,
215344,001,NP,2026-06-15,,
215352,001,NP,2026-05-05,,
215358,001,I-953,2027-10-29,,
215358,001,I-954,2027-10-29,,
215358,001,NCE,2026-10-29,,
215358,001,ODE-381,2028-10-29,,
215358,001,ODE-382,2028-10-29,,
215358,001,ODE-499,2031-10-29,,
215358,001,ODE-500,2031-10-29,,
215358,002,I-953,2027-10-29,,
215358,002,I-954,2027-10-29,,
215358,002,NCE,2026-10-29,,
215358,002,ODE-381,2028-10-29,,
215358,002,ODE-382,2028-10-29,,
215358,002,ODE-499,2031-10-29,,
215358,002,ODE-500,2031-10-29,,
215358,003,NCE,2026-10-29,,
215358,003,ODE*,2028-10-29,,
215383,001,I-931,2026-12-14,,
215383,001,I-968,2028-05-14,,
215383,001,NCE,2026-08-13,,
215383,001,ODE-364,2028-08-13,,
215390,001,NP,2025-04-05,,
215390,002,NP,2025-04-05,,
215401,001,NP,2025-03-22,,
215401,002,NP,2025-03-22,,
215401,003,NP,2025-03-22,,
215401,004,NP,2025-03-22,,
215413,001,NPP,2026-06-15,,
215430,001,NP,2025-08-18,,
215431,001,NP,2028-01-30,,
215446,001,NP,2025-05-12,,
215446,001,ODE-144,2029-05-12,,
215487,001,NP,2027-04-19,,
215488,001,CGT,2025-06-10,,
215498,001,I-918,2026-06-13,,
215498,001,NCE,2026-07-20,,
215498,001,ODE-363,2028-07-20,,
215498,001,ODE-436,2030-06-13,,
215498,002,I-918,2026-06-13,,
215498,002,NCE,2026-07-20,,
215498,002,ODE-363,2028-07-20,,
215498,002,ODE-436,2030-06-13,,
215498,003,I-918,2026-06-13,,
215498,003,NCE,2026-07-20,,
215498,003,ODE-363,2028-07-20,,
215498,003,ODE-436,2030-06-13,,
215498,004,I-918,2026-06-13,,
215498,004,NCE,2026-07-20,,
215498,004,ODE-363,2028-07-20,,
215498,004,ODE-436,2030-06-13,,
215499,001,NCE,2026-01-21,,
215500,001,NP,2026-12-13,,
215500,001,ODE-462,2030-12-13,,
215515,001,I-964,2028-03-20,,
215515,001,NCE,2027-06-13,,
215515,001,ODE-212,2029-06-13,,
215559,001,NCE,2028-08-16,,
215559,001,ODE-439,2030-08-16,,
215559,002,NCE,2028-08-16,,
215559,002,ODE-439,2030-08-16,,
215559,003,NCE,2028-08-16,,
215559,003,ODE-439,2030-08-16,,
215559,004,NCE,2028-08-16,,
215559,004,ODE-439,2030-08-16,,
215559,005,NCE,2028-08-16,,
215559,005,ODE-439,2030-08-16,,
215592,001,CGT,2025-05-21,,
215592,002,CGT,2025-05-21,,
215596,001,NCE,2026-11-23,,
215596,001,ODE-388,2028-11-23,,
215650,001,NP,2024-12-07,,
215760,001,NP,2025-04-28,,
215760,001,ODE-401,2029-04-28,,
215793,001,NP,2028-06-12,,
215814,001,NCE,2027-12-01,,
215814,001,ODE-413,2029-12-01,,
215830,001,NCE,2028-06-23,,
215833,001,I-965,2028-03-28,,
215833,001,NCE,2027-03-23,,
215841,001,NP,2025-03-23,,
215842,001,NCE,2028-09-29,,
215842,001,NPP,2028-03-27,,
215842,001,ODE-443,2030-09-29,,
215842,002,NCE,2028-09-29,,
215842,002,NPP,2028-03-27,,
215842,002,ODE-443,2030-09-29,,
215842,003,NCE,2028-09-29,,
215842,003,NPP,2028-03-27,,
215842,003,ODE-443,2030-09-29,,
215859,001,NP,2024-12-20,,
215866,001,NCE,2027-05-13,,
215866,002,NCE,2027-05-13,,
215866,003,NCE,2027-05-13,,
215866,004,NCE,2027-05-13,,
215866,005,NCE,2027-05-13,,
215866,006,NCE,2027-05-13,,
215866,007,NCE,2027-05-13,,
215866,008,NCE,2027-05-13,,
215866,009,NCE,2027-05-13,,
215866,010,NCE,2027-05-13,,
215866,011,NCE,2027-05-13,,
215866,012,NCE,2027-05-13,,
215887,001,NCE,2028-04-25,,
215887,001,ODE-432,2030-04-25,,
215888,001,NCE,2027-04-26,,
215904,001,NCE,2027-06-01,,
215904,001,ODE-395,2029-06-01,,
215910,001,ODE-414,2029-11-17,,
215922,002,CGT,2025-10-01,,
215935,001,ODE-389,2028-12-15,,
215935,001,ODE-464,2030-12-20,,
215973,001,NCE,2027-12-22,,
215974,001,NCE,2027-12-22,,
215985,001,NP,2025-07-29,,
215985,001,NPP,2026-10-05,,
215985,002,NS,2027-07-09,,
216016,001,NCE,2029-11-27,,
216016,002,NCE,2029-11-27,,
216016,003,NCE,2029-11-27,,
216016,004,NCE,2029-11-27,,
216016,005,NCE,2029-11-27,,
216016,006,NCE,2029-11-27,,
216016,007,NCE,2029-11-27,,
216016,008,NCE,2029-11-27,,
216016,009,NCE,2029-11-27,,
216016,010,NCE,2029-11-27,,
216016,011,NCE,2029-11-27,,
216016,012,NCE,2029-11-27,,
216016,013,NCE,2029-11-27,,
216017,001,NCE,2029-11-27,,
216017,002,NCE,2029-11-27,,
216017,003,NCE,2029-11-27,,
216017,004,NCE,2029-11-27,,
216017,005,NCE,2029-11-27,,
216017,006,NCE,2029-11-27,,
216017,007,NCE,2029-11-27,,
216017,008,NCE,2029-11-27,,
216017,009,NCE,2029-11-27,,
216017,010,NCE,2029-11-27,,
216017,011,NCE,2029-11-27,,
216017,012,NCE,2029-11-27,,
216017,013,NCE,2029-11-27,,
216023,001,NCE,2028-05-25,,
216049,001,CGT,2025-03-30,,
216049,002,CGT,2025-03-30,,
216050,001,CGT,2025-03-24,,
216050,002,CGT,2025-03-24,,
216059,001,NCE,2028-01-27,,
216059,001,ODE-424,2030-01-27,,
216059,001,ODE-451,2030-12-01,,
216059,002,NCE,2028-01-27,,
216059,002,ODE-424,2030-01-27,,
216059,002,ODE-451,2030-12-01,,
216063,001,PC,2025-11-08,,
216063,002,PC,2025-11-08,,
216063,003,PC,2025-11-08,,
216063,004,PC,2025-11-08,,
216063,005,PC,2025-11-08,,
216099,001,M-307,2026-12-05,,
216099,002,M-307,2026-12-05,,
216099,003,M-307,2026-12-05,,
216099,004,M-307,2026-12-05,,
216099,005,M-307,2026-12-05,,
216099,006,M-307,2026-12-05,,
216152,001,CGT,2025-04-14,,
216157,001,ODE-394,2028-12-17,,
216158,001,NCE,2029-09-26,,
216158,002,NCE,2029-09-26,,
216158,003,NCE,2029-09-26,,
216165,001,NCE,2029-02-22,,
216196,001,NCE,2027-02-17,,
216196,001,ODE-392,2029-02-17,,
216196,002,NCE,2027-02-17,,
216196,002,ODE-392,2029-02-17,,
216196,003,NCE,2027-02-17,,
216196,003,ODE-392,2029-02-17,,
216203,001,NCE,2028-05-26,,
216203,002,NCE,2028-05-26,,
216227,001,NP,2025-09-27,,
216264,001,NCE,2027-07-08,,
216285,001,NP,2025-06-29,,
216340,001,NCE,2027-12-12,,
216340,001,ODE-352,2029-12-12,,
216386,001,NCE,2028-03-09,,
216387,001,I-960,2028-01-16,,
216403,001,NCE,2028-02-17,,
216403,001,ODE-389,2030-02-17,,
216403,001,ODE-493,2031-09-05,,
216403,002,NCE,2028-02-17,,
216403,002,ODE-389,2030-02-17,,
216403,002,ODE-493,2031-09-05,,
216418,001,CGT,2025-08-25,,
216490,001,NCE,2029-08-09,,
216490,001,ODE-492,2031-08-09,,
216490,002,NCE,2029-08-09,,
216490,002,ODE-492,2031-08-09,,
216490,003,NCE,2029-08-09,,
216490,003,ODE-492,2031-08-09,,
216540,001,NCE,2029-11-22,,
216540,001,ODE-506,2031-11-22,,
216578,001,NCE,2028-05-12,,
216593,001,NP,2027-04-04,,
216593,001,ODE-470,2031-04-04,,
216620,001,PC,2025-11-09,,
216620,002,PC,2025-11-09,,
216632,001,NP,2026-10-20,,
216660,001,NCE,2027-09-29,,
216660,001,ODE-411,2029-09-29,,
216665,001,NP,2028-03-26,,
216665,002,NP,2028-03-26,,
216665,003,NP,2028-03-26,,
216675,001,NCE,2028-05-18,,
216718,001,M-270,2027-12-20,,
216718,001,NCE,2028-02-28,,
216718,001,ODE-427,2030-02-28,,
216739,001,CGT,2025-05-18,,
216793,001,NP,2026-08-11,,
216793,002,NP,2026-08-11,,
216834,001,NCE,2028-10-17,,
216834,001,ODE-446,2030-10-17,,
216834,002,NCE,2028-10-17,,
216834,002,ODE-446,2030-10-17,,
216834,003,NCE,2028-10-17,,
216834,003,ODE-446,2030-10-17,,
216873,001,NCE,2028-09-15,,
216873,001,ODE-441,2030-09-15,,
216873,002,NCE,2028-09-15,,
216873,002,ODE-441,2030-09-15,,
216873,003,NCE,2028-09-15,,
216873,003,ODE-441,2030-09-15,,
216899,001,PC,2025-04-12,,
216935,001,CGT,2025-04-09,,
216951,001,NCE,2028-02-01,,
216951,002,NCE,2028-02-01,,
216951,003,NCE,2028-02-01,,
216951,004,NCE,2028-02-01,,
216951,005,NCE,2028-02-01,,
216956,001,NCE,2028-10-12,,
216962,001,NP,2027-10-16,,
216974,001,NCE,2028-05-23,,
216986,001,NCE,2027-09-21,,
216986,002,NCE,2027-09-21,,
216986,003,NCE,2027-09-21,,
216986,004,NCE,2027-09-21,,
216986,005,NCE,2027-09-21,,
216986,006,NCE,2027-09-21,,
216986,007,NCE,2027-09-21,,
216993,001,NCE,2028-07-20,,
216993,001,ODE-437,2030-07-20,,
216993,002,NCE,2028-07-20,,
216993,002,ODE-437,2030-07-20,,
217003,001,NP,2025-08-24,,
217003,001,ODE-405,2029-08-24,,
217026,001,NCE,2028-03-10,,
217026,001,ODE-425,2030-03-10,,
217064,001,NP,2026-09-25,,
217075,001,CGT,2025-03-08,,
217159,001,NCE,2028-09-08,,
217159,001,ODE-442,2030-09-08,,
217171,001,NCE,2026-05-14,,
217171,001,NP,2026-02-22,,
217186,001,NP,2027-08-07,,
217186,002,NP,2027-08-07,,
217186,003,NP,2027-08-07,,
217186,004,NP,2027-08-07,,
217188,001,D-195,2028-01-31,,
217188,001,NCE,2028-05-25,,
217202,001,NCE,2029-11-22,,
217227,001,CGT,2025-06-25,,
217242,001,I-969,2028-05-22,,
217242,001,NP,2026-12-15,,
217347,001,NCE,2029-06-20,,
217369,001,NCE,2028-10-31,,
217369,002,NCE,2028-10-31,,
217369,003,NCE,2028-10-31,,
217370,001,NCE,2030-05-28,,
217388,001,NCE,2028-12-21,,
217388,001,ODE-461,2030-12-21,,
217389,001,NCE,2029-06-26,,
217417,001,NCE,2028-03-22,,
217417,001,ODE-426,2030-03-22,,
217424,001,NCE,2029-01-05,,
217439,001,I-920,2026-06-20,,
217439,002,I-920,2026-06-20,,
217439,004,I-920,2026-06-20,,
217469,001,NP,2026-05-30,,
217470,001,NP,2026-05-22,,
217513,001,NP,2026-03-16,,
217513,001,ODE-428,2030-03-16,,
217514,001,NP,2026-03-16,,
217514,001,ODE-428,2030-03-16,,
217564,001,NCE,2028-11-08,,
217564,002,NCE,2028-11-08,,
217581,001,I-897,2025-07-14,,
217581,002,I-897,2025-07-14,,
217581,003,I-897,2025-07-14,,
217603,001,NCE,2028-07-24,,
217639,001,NCE,2028-01-27,,
217639,002,NCE,2028-01-27,,
217660,001,M-313,2027-12-20,,
217660,001,NP,2026-04-26,,
217660,001,ODE-433,2030-04-26,,
217660,001,ODE-512,2031-12-20,,
217660,002,NP,2026-04-26,,
217660,002,ODE-433,2030-04-26,,
217660,002,ODE-512,2031-12-20,,
217677,001,NCE,2028-11-27,,
217677,001,ODE-452,2030-11-27,,
217677,002,NCE,2028-11-27,,
217677,002,ODE*,2030-11-27,,
217677,003,NCE,2028-11-27,,
217677,003,ODE*,2030-11-27,,
217686,001,NCE,2029-03-22,,
217700,001,NCE,2029-04-23,,
217700,001,ODE-478,2031-04-23,,
217721,001,CGT,2025-06-18,,
217729,001,NP,2026-09-26,,
217729,001,ODE-444,2030-09-26,,
217729,002,NP,2026-09-26,,
217729,002,ODE-444,2030-09-26,,
217759,001,NCE,2028-03-24,,
217759,001,ODE-430,2030-03-24,,
217779,001,ODE-482,2031-06-06,,
217779,002,ODE-482,2031-06-06,,
217785,001,NCE,2029-03-14,,
217785,002,NCE,2029-03-14,,
217785,003,NCE,2029-03-14,,
217795,001,PC,2026-01-05,,
217806,001,I-958,2027-12-20,,
217806,001,M-82,2027-10-18,,
217806,001,NCE,2027-05-13,,
217806,001,NP,2026-11-08,,
217806,002,I-958,2027-12-20,,
217806,002,M-82,2027-10-18,,
217806,002,NCE,2027-05-13,,
217806,002,NP,2026-11-08,,
217806,003,I-958,2027-12-20,,
217806,003,M-82,2027-10-18,,
217806,003,NCE,2027-05-13,,
217806,003,NP,2026-11-08,,
217806,004,I-958,2027-12-20,,
217806,004,M-82,2027-10-18,,
217806,004,NCE,2027-05-13,,
217806,004,NP,2026-11-08,,
217806,005,I-958,2027-12-20,,
217806,005,M-82,2027-10-18,,
217806,005,NCE,2027-05-13,,
217806,005,NP,2026-11-08,,
217806,006,I-958,2027-12-20,,
217806,006,M-82,2027-10-18,,
217806,006,NCE,2027-05-13,,
217806,006,NP,2026-11-08,,
217806,007,I-958,2027-12-20,,
217806,007,M-82,2027-10-18,,
217806,007,NCE,2027-05-13,,
217806,008,I-958,2027-12-20,,
217806,008,M-82,2027-10-18,,
217806,008,NCE,2027-05-13,,
217806,009,I-958,2027-12-20,,
217806,009,M-82,2027-10-18,,
217806,009,NCE,2027-05-13,,
217806,010,I-958,2027-12-20,,
217806,010,M-82,2027-10-18,,
217806,010,NCE,2027-05-13,,
217806,011,I-958,2027-12-20,,
217806,011,M-82,2027-10-18,,
217806,011,NCE,2027-05-13,,
217806,012,I-958,2027-12-20,,
217806,012,M-82,2027-10-18,,
217806,012,NCE,2027-05-13,,
217836,001,NP,2026-10-17,,
217865,001,NCE,2029-03-21,,
217865,001,ODE-473,2031-03-21,,
217887,001,CGT,2025-06-11,,
217899,001,NCE,2029-08-14,,
217899,001,ODE-486,2031-08-14,,
217900,001,NCE,2029-07-25,,
217901,001,NP,2028-04-30,,
217906,001,NP,2028-02-07,,
217914,001,CGT,2025-09-13,,
217914,002,CGT,2025-09-13,,
217933,001,NP,2027-02-13,,
217933,001,ODE-465,2031-02-13,,
218010,001,NP,2026-12-13,,
218033,001,NCE,2029-04-23,,
218033,001,ODE-478,2031-04-23,,
218037,001,NCE,2029-03-29,,
218037,001,ODE-476,2031-03-29,,
218037,002,NCE,2029-03-29,,
218037,002,ODE-476,2031-03-29,,
218112,001,CGT,2025-03-30,,
218112,002,CGT,2025-03-30,,
218158,001,NP,2027-03-04,,
218160,001,M-311,2027-09-27,,
218160,001,M-312,2027-09-27,,
218160,001,NCE,2025-05-08,,
218160,001,ODE*,2027-05-08,,
218160,001,ODE*,2029-09-21,,
218160,001,ODE*,2031-05-29,,
218160,002,M-311,2027-09-27,,
218160,002,M-312,2027-09-27,,
218160,002,NCE,2025-05-08,,
218160,002,ODE*,2029-09-21,,
218160,002,ODE*,2031-05-29,,
218160,002,ODE*,2027-05-08,,
218160,003,M-311,2027-09-27,,
218160,003,M-312,2027-09-27,,
218160,003,NCE,2025-05-08,,
218160,003,ODE*,2027-05-08,,
218160,003,ODE*,2031-05-29,,
218160,003,ODE*,2029-09-21,,
218160,004,M-311,2027-09-27,,
218160,004,M-312,2027-09-27,,
218160,004,NCE,2025-05-08,,
218160,004,ODE*,2029-09-21,,
218160,004,ODE*,2031-05-29,,
218160,004,ODE*,2027-05-08,,
218171,001,NCE,2029-12-18,,
218171,002,NCE,2029-12-18,,
218197,001,NCE,2028-11-16,,
218197,002,NCE,2028-11-16,,
218201,001,NP,2028-02-24,,
218213,001,NCE,2028-11-15,,
218213,001,ODE-455,2030-11-15,,
218213,001,ODE-483,2031-06-13,,
218213,002,NCE,2028-11-15,,
218213,002,ODE*,2030-11-15,,
218213,002,ODE-483,2031-06-13,,
218230,001,NCE,2030-03-25,,
218275,001,NCE,2029-04-03,,
218276,001,I-949,2027-08-07,,
218276,001,I-963,2028-03-20,,
218276,001,NCE,2028-12-05,,
218276,001,ODE-456,2030-12-05,,
218347,001,NP,2027-04-26,,
218347,001,ODE-481,2031-04-26,,
218390,001,I-925,2026-08-18,,
218390,002,I-925,2026-08-18,,
218390,003,I-925,2026-08-18,,
218490,001,NP,2027-03-22,,
218490,001,ODE-475,2031-03-22,,
218490,002,NP,2027-03-22,,
218490,002,ODE-475,2031-03-22,,
218492,001,CGT,2025-06-24,,
218492,002,CGT,2025-06-24,,
218550,001,NP,2026-10-20,,
218550,001,ODE*,2026-08-15,,
218550,001,ODE-448,2030-10-20,,
218590,001,NP,2027-08-07,,
218613,001,CGT,2025-02-24,,
218614,001,ODE-515,2031-12-19,,
218709,001,NCE,2029-04-26,,
218709,001,ODE-480,2031-04-26,,
218718,001,NP,2027-07-22,,
218730,001,NCE,2029-12-20,,
218730,002,NCE,2029-12-20,,
218784,001,NCE,2029-08-06,,
218784,001,ODE-491,2031-08-06,,
218784,002,NCE,2029-08-06,,
218784,002,ODE-491,2031-08-06,,
218785,001,I-817,2026-01-19,,
218785,001,I-936,2027-03-07,,
218785,001,ODE*,2030-01-19,,
218785,001,ODE*,2028-09-14,,
218785,001,ODE*,2031-03-07,,
218785,001,ODE*,2026-11-14,,
218785,001,ODE*,2028-08-31,,
218808,001,NCE,2029-12-13,,
218808,001,ODE-503,2031-12-13,,
218808,002,NCE,2029-12-13,,
218808,002,ODE-503,2031-12-13,,
218808,003,NCE,2029-12-13,,
218808,003,ODE-503,2031-12-13,,
218817,001,CGT,2025-04-09,,
218817,002,CGT,2025-04-09,,
218820,001,NCE,2029-12-13,,
218820,001,ODE-503,2031-12-13,,
218853,001,CGT,2026-01-18,,
218853,002,CGT,2026-01-18,,
218860,001,NCE,2029-06-10,,
218860,001,ODE-486,2031-06-10,,
218871,001,CGT,2025-07-13,,
218944,001,NCE,2029-11-15,,
218944,001,ODE-502,2031-11-15,,
218944,001,ODE-504,2031-11-15,,
218944,001,ODE-505,2031-11-15,,
218944,002,NCE,2029-11-15,,
218944,002,ODE-502,2031-11-15,,
218944,002,ODE-504,2031-11-15,,
218944,002,ODE-505,2031-11-15,,
218944,003,NCE,2029-11-15,,
218944,003,ODE-502,2031-11-15,,
218944,003,ODE-504,2031-11-15,,
218944,003,ODE-505,2031-11-15,,
219008,001,NCE,2029-08-19,,
219008,002,NCE,2029-08-19,,
219015,001,NP,2027-11-01,,
219019,001,NCE,2030-03-28,,
219019,001,ODE-510,2032-03-28,,
219019,001,ODE-511,2032-03-28,,
219019,002,NCE,2030-03-28,,
219019,002,ODE-510,2032-03-28,,
219019,002,ODE-511,2032-03-28,,
219104,001,NP,2027-08-30,,
219104,001,ODE*,2030-06-05,,
219104,001,ODE-495,2031-08-30,,
219104,001,ODE-497,2031-08-30,,
219104,002,NP,2027-08-30,,
219104,002,ODE*,2030-06-05,,
219104,002,ODE-495,2031-08-30,,
219104,002,ODE-497,2031-08-30,,
219132,001,NCE,2029-09-24,,
219132,001,ODE-498,2031-09-24,,
219155,001,NCE,2030-07-23,,
219208,001,NCE,2030-04-02,,
219209,001,NCE,2030-01-30,,
219239,001,CGT,2025-09-03,,
219249,001,NCE,2029-10-10,,
219249,002,NCE,2029-10-10,,
219285,001,M-270,2026-10-03,,
219285,001,NCE,2025-08-07,,
219301,001,NCE,2030-07-03,,
219304,001,NCE,2030-02-14,,
219304,002,NCE,2030-02-14,,
219304,003,NCE,2030-02-14,,
219379,001,NCE,2030-02-11,,
219379,001,ODE-488,2032-02-11,,
219389,001,NCE,2030-02-11,,
219389,001,ODE-488,2032-02-11,,
219389,002,NCE,2030-02-11,,
219389,002,ODE-488,2032-02-11,,
219423,001,NP,2028-06-05,,
219423,002,NP,2028-06-05,,
219423,003,NP,2028-06-05,,
219485,001,I-938,2027-03-13,,
219485,001,NCE,2026-09-29,,
219485,002,I-938,2027-03-13,,
219485,002,NCE,2026-09-29,,
219485,003,I-938,2027-03-13,,
219485,003,NCE,2026-09-29,,
219485,004,I-938,2027-03-13,,
219485,004,NCE,2026-09-29,,
219488,001,NP,2028-02-21,,
219616,001,NCE,2030-05-08,,
219713,001,NCE,2030-06-11,,
219839,001,NCE,2030-07-02,,
219839,002,NCE,2030-07-02,,
220018,001,NCE,2027-12-22,,
220018,001,NP,2028-06-18,,
220020,001,NCE,2027-12-22,,
220020,001,NP,2028-06-18,,
220073,001,NP,2028-04-17,,
212477,001,ODE-262,2026-08-28,,
212477,001,ODE-263,2026-08-28,,
212477,001,ODE-264,2026-08-28,,
212477,002,ODE-262,2026-08-28,,
212477,002,ODE-263,2026-08-28,,
212477,002,ODE-264,2026-08-28,,
214985,001,NCE,2027-04-07,,
214985,002,NCE,2027-04-07,,
207500,001,PED,2022-09-06,,
207501,001,PED,2022-09-06,,
207500,001,PED,2020-09-06,,
207501,001,PED,2020-09-06,,
021986,001,PED,2025-05-09,,
021986,002,PED,2025-05-09,,
021986,003,PED,2025-05-09,,
021986,004,PED,2025-05-09,,
021986,005,PED,2025-05-09,,
021986,006,PED,2025-05-09,,
203341,001,PED,2025-06-19,,
203341,002,PED,2025-06-19,,
203341,003,PED,2025-06-19,,
202806,001,PED,2025-10-30,,
202806,002,PED,2025-10-30,,
204114,001,PED,2025-10-30,,
204114,002,PED,2025-10-30,,
204114,003,PED,2025-10-30,,
204114,001,PED,2025-11-04,,
204114,002,PED,2025-11-04,,
204114,003,PED,2025-11-04,,
202806,001,PED,2025-11-04,,
202806,002,PED,2025-11-04,,
022068,001,PED,2025-09-22,,
022068,002,PED,2025-09-22,,
022068,003,PED,2025-09-22,,
208700,001,PED,2025-07-26,,
203389,001,PED,2025-06-22,,
203389,002,PED,2025-06-22,,
205552,001,PED,2025-02-02,,
206947,001,PED,2026-02-15,,
206947,002,PED,2026-02-15,,
207925,001,PED,2026-10-29,,
207925,002,PED,2026-10-29,,
207925,003,PED,2026-10-29,,
205832,001,PED,2027-03-06,,
205832,002,PED,2027-03-06,,
209394,001,PED,2026-10-30,,
209964,001,PED,2026-10-22,,
205437,001,PED,2027-01-19,,
205437,002,PED,2027-01-19,,
205437,003,PED,2027-01-19,,
021196,001,PED,2026-04-26,,
021986,001,PED,2026-06-21,,
021986,002,PED,2026-06-21,,
021986,003,PED,2026-06-21,,
021986,004,PED,2026-06-21,,
021986,005,PED,2026-06-21,,
021986,006,PED,2026-06-21,,
201292,001,PED,2025-07-12,,
201292,002,PED,2025-07-12,,
201292,003,PED,2025-07-12,,
202192,001,PED,2026-11-24,,
202192,002,PED,2026-11-24,,
202192,003,PED,2026-11-24,,
202192,004,PED,2026-11-24,,
202192,005,PED,2026-11-24,,
208341,001,PED,2027-09-19,,
208341,002,PED,2027-09-19,,
203188,001,PED,2028-06-21,,
212102,001,PED,2027-12-25,,
208798,007,PED,2025-01-09,,
208799,001,PED,2025-01-09,,
212690,001,PED,2028-01-21,,
022200,001,PED,2025-01-22,,
022200,002,PED,2025-01-22,,
209210,001,PED,2025-01-22,,
207925,001,PED,2028-06-21,,
207925,002,PED,2028-06-21,,
207925,003,PED,2028-06-21,,
214787,001,PED,2026-04-22,,
214787,002,PED,2026-04-22,,
213491,001,PED,2025-06-22,,
213491,002,PED,2025-06-22,,
208798,004,PED,2025-01-09,,
204026,001,PED,2027-11-14,,
204026,002,PED,2027-11-14,,
204026,003,PED,2027-11-14,,
204026,004,PED,2027-11-14,,
217729,001,PED,2031-03-26,,
217729,002,PED,2031-03-26,,
203341,001,PED,2031-03-26,,
203341,002,PED,2031-03-26,,
203341,003,PED,2031-03-26,,
215309,001,PED,2025-03-21,,
217514,001,PED,2030-09-16,,
215859,001,PED,2025-06-20,,
202192,001,PED,2025-03-22,,
202192,002,PED,2025-03-22,,
022225,001,PED,2028-06-12,,
022225,002,PED,2028-06-12,,
202293,001,PED,2026-11-08,,
202293,002,PED,2026-11-08,,
201532,001,PED,2026-03-13,,
205109,001,PED,2028-01-01,,
203214,001,PED,2028-08-21,,
213082,001,PED,2028-08-21,,
202806,001,PED,2030-09-16,,
202806,002,PED,2030-09-16,,
022406,001,PED,2025-02-23,,
022406,002,PED,2025-02-23,,
022406,003,PED,2025-02-23,,
022406,004,PED,2025-02-23,,
208799,004,PED,2025-01-09,,
202192,001,PED,2026-06-19,,
202192,002,PED,2026-06-19,,
202192,003,PED,2026-06-19,,
202192,004,PED,2026-06-19,,
202192,005,PED,2026-06-19,,
205422,001,PED,2027-11-08,,
205422,002,PED,2027-11-08,,
205422,003,PED,2027-11-08,,
205422,004,PED,2027-11-08,,
205422,005,PED,2027-11-08,,
205422,006,PED,2027-11-08,,
211358,001,PED,2030-03-02,,
211358,002,PED,2030-03-02,,
211358,003,PED,2030-03-02,,
215110,001,PED,2028-12-10,,
209394,001,PED,2028-12-10,,
204447,001,PED,2027-02-23,,
204447,002,PED,2027-02-23,,
204447,004,PED,2027-02-23,,
205422,001,PED,2026-11-10,,
205422,002,PED,2026-11-10,,
205422,003,PED,2026-11-10,,
205422,004,PED,2026-11-10,,
205422,005,PED,2026-11-10,,
205422,006,PED,2026-11-10,,
215413,001,PED,2026-12-15,,
205551,001,PED,2026-12-15,,
201281,001,PED,2026-12-20,,
201281,002,PED,2026-12-20,,
201281,003,PED,2026-12-20,,
208026,001,PED,2026-12-20,,
208026,002,PED,2026-12-20,,
201280,001,PED,2026-12-20,,
204629,001,PED,2026-12-20,,
204629,002,PED,2026-12-20,,
206111,001,PED,2026-12-20,,
206111,002,PED,2026-12-20,,
206111,003,PED,2026-12-20,,
206111,004,PED,2026-12-20,,
208658,001,PED,2026-12-20,,
208658,002,PED,2026-12-20,,
208658,003,PED,2026-12-20,,
208658,004,PED,2026-12-20,,
204447,003,PED,2027-02-23,,
204114,001,PED,2026-09-16,,
204114,002,PED,2026-09-16,,
204114,003,PED,2026-09-16,,
207925,004,PED,2030-11-03,,
207925,005,PED,2030-11-03,,
208798,001,PED,2025-01-09,,
214187,001,PED,2028-12-10,,
203794,001,PED,2027-01-03,,
022304,001,PED,2027-01-03,,
022304,002,PED,2027-01-03,,
022304,003,PED,2027-01-03,,
207501,001,PED,2031-06-08,,
207500,001,PED,2031-06-08,,
207500,002,PED,2031-06-08,,
214787,001,PED,2025-10-25,,
214787,002,PED,2025-10-25,,
207500,002,PED,2020-09-06,,
217513,001,PED,2030-09-16,,
204114,001,PED,2030-09-16,,
204114,002,PED,2030-09-16,,
204114,003,PED,2030-09-16,,
217513,001,PED,2026-09-16,,
204629,001,PED,2025-08-24,,
217514,001,PED,2026-09-16,,
202806,001,PED,2026-09-16,,
202806,002,PED,2026-09-16,,
214787,001,PED,2025-07-21,,
214787,002,PED,2025-07-21,,
207500,001,PED,2027-06-08,,
207500,002,PED,2027-06-08,,
207500,002,PED,2022-09-06,,
217003,001,PED,2030-02-24,,
205552,001,PED,2030-02-24,,
205552,002,PED,2030-02-24,,
210563,001,PED,2030-02-24,,
210563,002,PED,2030-02-24,,
210563,003,PED,2030-02-24,,
210563,004,PED,2030-02-24,,
202293,001,PED,2027-12-12,,
202293,002,PED,2027-12-12,,
205649,001,PED,2027-12-12,,
205649,002,PED,2027-12-12,,
205649,003,PED,2027-12-12,,
205649,004,PED,2027-12-12,,
205649,005,PED,2027-12-12,,
208700,001,PED,2027-10-23,,
206947,001,PED,2027-10-03,,
206947,002,PED,2027-10-03,,
205437,001,PED,2027-10-25,,
205437,002,PED,2027-10-25,,
205437,003,PED,2027-10-25,,
208700,001,PED,2031-10-23,,
207925,004,PED,2026-11-03,,
207925,005,PED,2026-11-03,,
212102,001,PED,2025-09-25,,
206192,001,PED,2026-01-28,,
217003,001,PED,2026-02-24,,
205552,001,PED,2026-02-24,,
205552,002,PED,2026-02-24,,
210563,001,PED,2026-02-24,,
210563,002,PED,2026-02-24,,
210563,003,PED,2026-02-24,,
210563,004,PED,2026-02-24,,
204042,001,PED,2028-06-18,,
204042,002,PED,2028-06-18,,
204353,001,PED,2028-06-18,,
204353,002,PED,2028-06-18,,
204353,003,PED,2028-06-18,,
204353,004,PED,2028-06-18,,
205879,001,PED,2028-06-18,,
205879,002,PED,2028-06-18,,
205879,003,PED,2028-06-18,,
205879,004,PED,2028-06-18,,
211358,001,PED,2028-06-13,,
211358,002,PED,2028-06-13,,
211358,003,PED,2028-06-13,,
207501,001,PED,2027-06-08,,
022068,001,PED,2029-03-23,,
022068,002,PED,2029-03-23,,
022068,003,PED,2029-03-23,,
201292,001,PED,2025-10-07,,
201292,002,PED,2025-10-07,,
201292,003,PED,2025-10-07,,
217729,001,PED,2027-03-26,,
217729,002,PED,2027-03-26,,
204275,001,PED,2026-11-13,,
204275,003,PED,2026-11-13,,
207925,001,PED,2028-11-22,,
207925,002,PED,2028-11-22,,
207925,003,PED,2028-11-22,,
207925,004,PED,2028-11-22,,
207925,005,PED,2028-11-22,,
202155,001,PED,2028-10-17,,
202155,002,PED,2028-10-17,,
202155,003,PED,2028-10-17,,
220073,001,PED,2028-10-17,,
202714,001,PED,2028-11-22,,
202714,002,PED,2028-11-22,,
202714,003,PED,2028-11-22,,
022433,001,PED,2025-11-09,,
022433,002,PED,2025-11-09,,
205437,001,PED,2027-01-20,,
205437,002,PED,2027-01-20,,
205437,003,PED,2027-01-20,,
202806,001,PED,2025-12-22,,
202806,002,PED,2025-12-22,,
204114,001,PED,2025-12-22,,
204114,002,PED,2025-12-22,,
204114,003,PED,2025-12-22,,
215309,001,PED,2026-01-18,,
212102,001,PED,2029-09-25,,
202192,001,PED,2029-03-22,,
202192,002,PED,2029-03-22,,
202192,003,PED,2029-03-22,,
202192,004,PED,2029-03-22,,
202192,005,PED,2029-03-22,,
214787,001,PED,2027-01-13,,
214787,002,PED,2027-01-13,,
203341,001,PED,2027-03-26,,
203341,002,PED,2027-03-26,,
203341,003,PED,2027-03-26,,
207500,001,GAIN,2027-09-06,,
207501,001,GAIN,2027-09-06,,
207500,001,GAIN,2025-09-06,,
207501,001,GAIN,2025-09-06,,
208611,001,GAIN,2027-06-19,,
208610,001,GAIN,2027-06-19,,
210303,001,GAIN,2028-06-25,,
211109,001,GAIN,2028-08-27,,
209363,001,GAIN,2027-09-15,,
209816,001,GAIN,2028-10-02,,
209817,001,GAIN,2028-10-02,,
207356,001,GAIN,2030-09-28,,
209445,001,GAIN,2029-11-14,,
212862,001,GAIN,2029-08-14,,
211673,001,GAIN,2029-08-19,,
211672,001,GAIN,2029-08-19,,
209776,001,GAIN,2027-08-29,,
214900,001,GAIN,2031-06-01,,
206494,001,GAIN,2025-02-25,,
212819,001,GAIN,2029-07-16,,
217417,001,GAIN,2035-03-22,,
210910,001,GAIN,2028-11-16,,
211109,002,GAIN,2028-08-27,,
218230,001,GAIN,2035-03-25,,
216165,001,GAIN,2034-02-22,,
216974,001,GAIN,2033-05-23,,
217906,001,GAIN,2033-02-07,,
215650,001,GAIN,2029-12-07,,
207500,002,GAIN,2025-09-06,,
214520,001,GAIN,2033-11-15,,
214520,002,GAIN,2033-11-15,,
207500,002,GAIN,2027-09-06,,
215152,001,GAIN,2032-05-03,,
215153,001,GAIN,2032-05-03,,
215888,001,GAIN,2032-04-26,,
218275,001,GAIN,2034-04-03,,
215151,001,GAIN,2032-05-03,,
215151,002,GAIN,2032-05-03,,
213004,001,GAIN,2027-11-01,,
213972,001,GAIN,2034-10-25,,
217417,001,GAIN,2033-03-22,,
